date,temperature,sales,stock_price,customer_count,store_location,region,id
2023-01-01,15.993428306022466,97.99389764057082,100.49169051019537,49.75785025967425,East,Rural,0
2023-01-02,14.895604959215978,116.89445469577532,98.6349449549653,51.27546402503707,West,Urban,1
2023-01-03,16.63959319242884,119.83624552227073,99.55145046639424,46.039081161782676,South,Suburban,2
2023-01-04,18.562256385048588,109.57814318718323,96.24628325791856,55.68790928556981,South,Rural,3
2023-01-05,15.219717518576527,88.00672684782207,98.40459453256985,54.755189555080946,West,Suburban,4
2023-01-06,15.391374073476104,81.31080581447142,99.44978949739594,57.324157348501146,West,Suburban,5
2023-01-07,19.18944260548913,87.67753763104247,100.06184896602369,46.0665164468947,North,Rural,6
2023-01-08,17.736949907299344,108.21725650051367,102.12723093391472,61.237733591183556,West,Urban,7
2023-01-09,15.433838949262745,121.53188487868772,105.55817982283986,54.55384059237585,North,Rural,8
2023-01-10,17.62820829381474,131.50073426745797,107.68691995287612,58.079831031688315,East,Suburban,9
2023-01-11,15.78609605618985,106.2145633415373,104.10517149021284,51.2104092375456,North,Suburban,10
2023-01-12,15.95080759129193,97.19491741224128,101.64601755674144,55.55404584257468,West,Rural,11
2023-01-13,17.53496954181826,83.06650343340694,100.49638040135008,49.778679571941396,West,Urban,12
2023-01-14,13.392654640726057,97.09809930244207,100.64856250177175,50.16237633329158,East,Urban,13
2023-01-15,13.936891995033434,97.88158549630114,101.78388054271,56.78165251568916,West,Suburban,14
2023-01-16,16.428957892679925,113.49845999889625,100.43239291640306,49.42795279770996,West,Suburban,15
2023-01-17,15.69391933467221,118.69939721421858,100.90592644535722,49.61274016545037,South,Urban,16
2023-01-18,18.513318993996638,100.39336099596694,99.49516058065058,50.576519976687266,South,Rural,17
2023-01-19,16.23316409552047,91.16607758177253,98.37212497466668,48.54811940245545,East,Suburban,18
2023-01-20,15.38808921425306,79.31566855848516,95.65880278097023,46.73553258804376,North,Urban,19
2023-01-21,21.30652653378424,87.86259203027318,93.91233628874842,46.76475598847649,South,Suburban,20
2023-01-22,18.085208620790645,104.59339526350117,91.30896707751576,52.45496417423906,North,Rural,21
2023-01-23,18.83230183828258,128.039461867418,89.4572205715611,44.85453413205787,West,Urban,22
2023-01-24,16.00713769000916,127.41001809390738,91.66450416477677,45.63068766330353,South,Suburban,23
2023-01-25,17.926114443009368,109.08985980074246,89.86570638711288,48.396680606547065,East,Rural,24
2023-01-26,19.3937812055429,90.264317794973,95.23047051678766,48.98645077995176,East,Suburban,25
2023-01-27,17.025768770659706,86.53246618532462,96.31710631854945,49.84536678929417,East,Rural,26
2023-01-28,20.23368945409545,81.4709955243274,96.78677856593919,48.97726440462518,South,Rural,27
2023-01-29,18.434225329190898,113.00344767542559,95.17006300557676,44.53730204642955,North,Urban,28
2023-01-30,19.203950901571332,125.5173467364835,96.67068276439475,53.86073614281449,West,Rural,29
2023-01-31,18.734342277140982,121.2735591039921,95.6194071119192,46.560963820943925,North,Suburban,30
2023-02-01,23.79126580753892,104.37024389513854,95.96342674120993,51.94746484980589,North,Rural,31
2023-02-02,20.207161624179633,102.48729148408032,101.18359581774752,49.77085566532092,West,Rural,32
2023-02-03,18.264629857471196,84.46170956306749,101.09147601829821,52.746511221683384,West,Urban,33
2023-02-04,22.169442955882573,95.2227815808364,103.49002267086956,54.70201135829741,South,Rural,34
2023-02-05,18.22533026296913,96.83555401372044,102.1836698206178,55.29419866527301,South,Rural,35
2023-02-06,21.22572992454752,117.58480947964667,102.21369283962386,56.021044844181624,South,Suburban,36
2023-02-07,17.027926621848085,124.60719432464498,105.85529411089489,59.81374328401731,South,Urban,37
2023-02-08,18.4283966033544,114.13235797095511,104.70135999531935,56.33321238138331,South,Urban,38
2023-02-09,21.614189956146923,94.42914071739551,108.4262571113132,54.022812675603824,West,Urban,39
2023-02-10,22.831256168892594,89.11019691260651,109.94176098222417,57.222388523787274,North,Rural,40
2023-02-11,21.829032172729754,84.65713633559454,108.91682743043563,57.2841355941609,South,Urban,41
2023-02-12,21.3850496176463,105.05733334412427,110.28164290854667,49.256102816051396,South,Rural,42
2023-02-13,21.142228797150878,122.14470121451346,112.32675180780012,53.825883424928584,North,Rural,43
2023-02-14,18.913483691501813,128.1147084578863,113.67037173223451,53.1430766810215,South,Suburban,44
2023-02-15,20.554894853727056,118.41706785411432,110.62992229245361,49.10730948992003,North,Suburban,45
2023-02-16,21.19528868089817,92.01779607714083,109.27564794080386,53.087561985846065,North,Suburban,46
2023-02-17,24.350684835396954,79.28691485872938,108.88061066970086,47.51615002352342,West,Suburban,47
2023-02-18,23.041406808776777,97.34516105353853,108.83174381150077,47.437803098952266,East,Suburban,48
2023-02-19,18.943640566240084,108.39233929066715,110.17308800660213,45.765060399761424,West,Rural,49
2023-02-20,23.231226023575214,118.76232883470968,110.62849000846863,45.716610123822214,East,Rural,50
2023-02-21,21.923983708006745,134.2598126267436,108.05780129104843,41.955892157838626,East,Urban,51
2023-02-22,21.449114510095836,116.3989050966725,108.91819699306036,40.707237875375746,East,Rural,52
2023-02-23,24.13280914524951,104.49903091818778,110.239368483628,49.810905712833545,South,Rural,53
2023-02-24,25.075609926738665,88.2566165809965,111.45894937949008,42.703833373569246,West,Suburban,54
2023-02-25,24.977950828306007,102.22205502999435,113.72051083059932,42.69569593270889,East,Rural,55
2023-02-26,21.536330486578866,116.46901190452367,115.48835513969713,39.824105531801884,North,Suburban,56
2023-02-27,22.69328151195565,122.22147923663555,116.506715298154,45.14418849546912,South,Urban,57
2023-02-28,24.06871091915191,132.3234459654412,116.46638387523672,43.99704740439851,West,Urban,58
2023-03-01,25.449261169519996,120.00895013467255,113.24446200820474,53.88648702632031,East,Rural,59
2023-03-02,22.62929110706745,106.40724124706898,114.2036984464699,53.02945126802789,North,Urban,60
2023-03-03,23.303245593968335,84.05594533258389,114.71907382079613,48.97510741855562,West,Rural,61
2023-03-04,21.546247103430375,96.31011116711508,115.36223149518688,58.790990631411916,West,Urban,62
2023-03-05,21.448261851272292,113.94596858809406,112.90873434354626,55.884222722437144,South,Suburban,63
2023-03-06,25.54486510938388,115.63414100845378,110.84662126272973,52.741229976861106,West,Suburban,64
2023-03-07,26.70878875366408,122.51083710887903,113.05292696939554,46.83190987430147,South,Suburban,65
2023-03-08,23.92611788486569,107.54744795948477,113.07381666168223,61.62811029924799,East,Suburban,66
2023-03-09,26.148345677637383,99.17858774872279,114.53681805642748,50.803892076550575,South,Rural,67
2023-03-10,24.932984927261614,93.42981237600266,114.6934548086884,50.0364132359707,North,Urban,68
2023-03-11,22.985177326581717,101.3531775891415,114.85296708767989,57.822993877504686,South,Rural,69
2023-03-12,25.061163499246078,109.98585851748345,116.82953469963189,61.64938423794002,North,Suburban,70
2023-03-13,27.474633712350894,133.53245462996426,115.89744524319714,57.86854258291852,South,Rural,71
2023-03-14,24.384311796051524,122.48816084267193,116.1896867970791,54.63065362161945,West,Urban,72
2023-03-15,27.63985247457955,110.18823511304808,115.36513621966903,53.817946240374866,East,Rural,73
2023-03-16,19.322858057739566,101.20942188800096,114.5961437648044,53.59980513042972,North,Urban,74
2023-03-17,26.255102847473456,92.72396680325792,114.0777995178671,52.276785769360295,South,Rural,75
2023-03-18,24.83149351302489,94.63945704972934,114.62206706113453,49.804015817819334,South,Urban,76
2023-03-19,24.102624517583337,100.23971257672378,113.76456981780758,48.27892009647663,South,Urban,77
2023-03-20,24.924526104795206,125.90531516608233,116.37608206895462,46.87329435483907,West,Suburban,78
2023-03-21,20.803345585854785,123.82785909276055,114.68686746451561,44.022382106013,West,Urban,79
2023-03-22,24.37372092704107,123.0150485155124,114.4131241761929,44.82784775047749,North,Suburban,80
2023-03-23,25.558963310544417,104.2816900745069,113.63366205964455,40.165846975938074,North,Suburban,81
2023-03-24,27.829282513422896,87.06577908846302,116.62761782835202,44.73237164277439,West,Suburban,82
2023-03-25,23.862784514326236,93.1951346650549,117.12072738137516,42.061617201705886,North,Rural,83
2023-03-26,23.305234888392945,106.24239392901673,119.28441646031243,41.93394946687692,East,Rural,84
2023-03-27,23.938664981770447,126.99905833881895,116.41329571423849,46.209555434538245,East,Rural,85
2023-03-28,26.789994196875938,136.0874566593295,117.04739624597701,50.46028273164682,West,Rural,86
2023-03-29,25.630751950400924,115.69959400122308,118.92665783722387,49.81602355654457,North,Urban,87
2023-03-30,23.924833804021564,105.93046988315047,119.19122581577473,43.25481497375146,South,Urban,88
2023-03-31,26.019034978623544,90.07542838977604,121.42218656590543,45.9915571362002,East,Rural,89
2023-04-01,25.191840118494987,92.761643551965,120.48760966570468,52.82231356396464,West,Urban,90
2023-04-02,26.93719737842768,111.96484820022701,123.40630454607584,48.09209627347387,North,Urban,91
2023-04-03,23.595060398792675,123.09778067462634,128.10410079331433,51.35978376538792,West,Suburban,92
2023-04-04,24.340138513678035,129.50503699162587,127.47842367243503,54.58908255853602,South,Suburban,93
2023-04-05,24.20458084958602,115.60037323149488,126.68741862963348,50.810690762796064,East,Suburban,94
2023-04-06,22.052141712389684,114.19540143168126,129.69418758386888,54.646253537360074,West,Suburban,95
2023-04-07,25.558829571670852,93.86457270303538,132.95333187533032,50.75320609672116,West,Urban,96
2023-04-08,25.473163655366758,94.18891863485217,132.00761182102377,53.16850654498772,West,Rural,97
2023-04-09,24.942795405959064,114.5314380152095,131.26723818683206,55.93195527926898,South,Urban,98
2023-04-10,24.441966373184254,128.67389049980758,130.80366896911104,49.97630138088076,West,Urban,99
2023-04-11,22.05603441822258,132.1299739822341,128.21476794704247,55.651551232803385,South,Urban,100
2023-04-12,24.018190854107587,125.6221346561946,126.47746405407409,53.656810730606935,South,Suburban,101
2023-04-13,24.143836486746284,109.12085277887442,124.56918252056995,54.59639612471381,South,Suburban,102
2023-04-14,23.19158237801166,91.99728766666259,123.1335873903617,52.705425617573,East,Suburban,103
2023-04-15,24.437534082991665,95.76999343313042,123.16421761558814,55.13197974401032,East,Rural,104
2023-04-16,25.529283679919693,113.04781843731877,123.73264708066118,50.37567350794373,West,Urban,105
2023-04-17,28.4517496326617,118.68746338612218,126.93364806628932,47.67222492253544,West,Rural,106
2023-04-18,24.983861111305167,126.62040513044596,125.03693998481175,48.33320929371786,East,Suburban,107
2023-04-19,25.102278951318493,130.3472109547387,127.10558478176492,48.6909678256468,North,Rural,108
2023-04-20,24.38791813477212,114.51969125768294,126.7776070933139,46.43085608359015,East,Urban,109
2023-04-21,20.64607336952363,94.36615166847177,126.77867967400903,45.791648054689446,South,Urban,110
2023-04-22,24.374583683005774,102.49340791317101,128.22831865834223,43.138742355103965,East,Suburban,111
2023-04-23,24.48927388283637,116.94086615733298,126.08287461521765,43.03868777050579,South,Suburban,112
2023-04-24,29.233723535350364,146.55301171361467,126.94769410758575,40.81957470775955,West,Rural,113
2023-04-25,23.858185292368688,140.75577346015,127.38059852401186,50.49344764808505,North,Suburban,114
2023-04-26,24.778930945261163,123.83479012165057,128.46550105202815,41.93828327490395,West,Suburban,115
2023-04-27,24.036622761531675,102.47868894871272,129.1438383398438,44.20556027922532,South,Urban,116
2023-04-28,21.696201948007783,88.54063872650423,134.1544386196656,44.905851941830036,South,Suburban,117
2023-04-29,26.24403853637913,101.58947973876668,132.97895865116294,50.65108991545432,South,Suburban,118
2023-04-30,25.38443929166848,112.5644001197321,132.0169647411593,48.07559251103511,North,Urban,119
2023-05-01,25.38218593382145,125.00887758488847,130.87068368830978,53.74322621802118,East,Urban,120
2023-05-02,21.898288277503738,132.88657294330295,129.8597294499893,49.01908658135719,West,Rural,121
2023-05-03,26.437009902371315,120.02817652252101,128.68495519537626,52.870665702050395,West,Suburban,122
2023-05-04,20.739519571913707,116.65363778861625,131.16298825759137,50.43288510168309,East,Urban,123
2023-05-05,24.626204761131174,101.94260757407784,134.10399675357107,60.15117151070713,West,Rural,124
2023-05-06,27.740166045806326,101.49383681438583,133.06250416607213,50.76733176183365,North,Rural,125
2023-05-07,21.282469336977716,124.70741300214235,131.49779301986365,55.68474471215685,West,Suburban,126
2023-05-08,22.032785055253616,133.46852613265366,132.54062413263648,56.873940119637666,South,Suburban,127
2023-05-09,23.26410219338473,132.77455481941274,131.53617804407452,56.21400676919586,East,Rural,128
2023-05-10,21.95487732959376,134.01307538847988,132.90204167958555,54.199419604842646,North,Urban,129
2023-05-11,19.755171688654883,111.87401829321507,133.40788772128815,53.94066491972192,East,Rural,130
2023-05-12,22.885966363282463,93.30971647923673,130.47639949129368,53.84715854332429,North,Suburban,131
2023-05-13,20.514278700453218,101.54354509208943,133.6714098939538,52.497920256576904,South,Urban,132
2023-05-14,23.473853136590446,113.89113950230703,137.36316524014484,54.92532056576373,East,Urban,133
2023-05-15,20.573371640018355,127.12922440113226,136.23758785917607,57.671127458862856,West,Rural,134
2023-05-16,25.395444350899954,142.6734020252508,135.56218473930412,48.327524644976506,North,Suburban,135
2023-05-17,20.610262552087146,136.90607666602034,136.23391552075392,44.85103260717397,East,Rural,136
2023-05-18,21.41171306866043,103.1481686672344,137.00282910072798,47.701470639567226,West,Rural,137
2023-05-19,23.559846703609114,102.27233189586036,138.41991764607363,54.800201751500595,East,Rural,138
2023-05-20,19.34600546190225,100.20356409843671,142.5403267236063,43.873252168703836,East,Urban,139
2023-05-21,22.135558511343593,116.79514231194565,142.28643226861823,50.58722339741002,East,Urban,140
2023-05-22,24.165849080655708,132.04279189629796,140.78983777954133,50.27781986075355,North,Suburban,141
2023-05-23,18.205580663243182,134.68409890073193,138.13119932351228,43.36662579803465,West,Suburban,142
2023-05-24,21.656895863022953,128.56314006493238,136.76933924362842,46.73433976071446,South,Rural,143
2023-05-25,21.672611588130124,106.94779441581352,136.80308529788084,50.129907287909845,North,Rural,144
2023-05-26,22.579886375803845,101.77130830284521,140.49220102491643,44.53248975811534,North,Rural,145
2023-05-27,18.40395110116857,104.16712485833852,139.55697842684407,45.67353479230594,North,Suburban,146
2023-05-28,18.09680945287469,118.99756745797569,140.10455433012186,45.3160309966917,South,Urban,147
2023-05-29,21.63977575533556,131.42848166882288,140.17170853797637,44.9220465925424,West,Urban,148
2023-05-30,21.046373731872883,137.08173455782782,142.64849508487254,47.012608910713176,West,Rural,149
2023-05-31,20.808286182311086,133.0590265158759,147.80235993661978,46.328179199713226,West,Rural,150
2023-06-01,20.853520329152477,114.56866939752896,146.84062239077912,51.141808858866455,East,Rural,151
2023-06-02,18.652368691300776,96.49278641149166,145.96174350574267,49.723763522203065,East,Rural,152
2023-06-03,20.327234465408907,105.87651539426889,148.15006525988082,53.64028399683462,East,Suburban,153
2023-06-04,20.297740023336,124.91078177070527,149.61384823913346,49.04803718877607,South,Urban,154
2023-06-05,18.13036409903185,128.58081203496255,153.40726289060552,55.322767715565554,East,Rural,155
2023-06-06,23.136736865794465,143.6439306341076,154.67511926125744,57.25586946630254,South,Suburban,156
2023-06-07,20.19766924151912,126.93049005355624,154.05653507968333,48.991402549127,West,Rural,157
2023-06-08,16.710952593750918,115.87861526391119,155.33784474106795,56.09477918638408,East,Rural,158
2023-06-09,20.249009983832327,98.52580531431028,157.65525190223377,58.43828955889565,East,Urban,159
2023-06-10,16.827716311585007,97.31698182533873,159.3962162646285,50.70120396284859,North,Rural,160
2023-06-11,20.19130651478258,113.97767242596855,160.5107643268431,58.733441287900085,South,Urban,161
2023-06-12,20.773314284722144,138.12980163541454,162.74411370602138,54.19598328956051,West,Urban,162
2023-06-13,16.65272018554188,143.1872806423539,165.18270488691275,49.91864764810377,North,Urban,163
2023-06-14,20.057822667846914,126.68356418430174,168.04702286898777,50.87225122111571,North,Suburban,164
2023-06-15,18.792690046607905,117.1801226763711,169.44444264416705,51.674980737565186,West,Suburban,165
2023-06-16,19.446427071981137,94.9960392472165,169.21020648353334,49.18845772014842,North,Urban,166
2023-06-17,21.430240892587964,106.97253179696327,169.6036338564,49.582584761960085,South,Rural,167
2023-06-18,16.979445572803616,117.02184207811068,172.11665178941672,44.29905295929954,South,Urban,168
2023-06-19,15.795584373591144,135.59173482463535,170.58278044744225,46.792358344721265,East,Rural,169
2023-06-20,15.356180295146917,143.08719995186686,171.42012706518804,41.42872949036286,North,Urban,170
2023-06-21,15.335108328004889,127.86461894494236,170.73344944053332,44.91103923447814,East,Rural,171
2023-06-22,16.643462438427417,113.02592112287346,170.89093908640297,42.315667598764264,North,Suburban,172
2023-06-23,17.31037407901846,109.29664206617205,173.54784281161756,42.82080069538933,South,Rural,173
2023-06-24,17.01137356785879,105.38000990412232,174.03004094765737,48.952996944155544,South,Urban,174
2023-06-25,17.94184827259786,128.2169220987867,174.22291404396967,48.9438033428606,South,Suburban,175
2023-06-26,16.142593854972766,134.16391955189627,171.60320176200983,48.11169023533454,North,Rural,176
2023-06-27,18.852435652486626,146.46076594639962,173.19570889406427,43.784135444519904,South,Rural,177
2023-06-28,15.244551125858717,140.33606733618996,174.58667725634643,47.01709143553661,North,Rural,178
2023-06-29,21.04247110683717,103.55201480492447,179.01318670295734,52.59973464584874,East,Rural,179
2023-06-30,16.68155702557532,101.24224020428589,178.49763023305132,50.425150740919705,North,Rural,180
2023-07-01,13.543869289438765,112.1113683491793,179.0359308883792,57.99754707403388,East,Suburban,181
2023-07-02,12.944284972764663,123.98477306978462,179.63469825580074,53.213636733562126,North,Suburban,182
2023-07-03,15.87887486159949,142.6297216535798,182.8896048153277,53.51507361093244,East,Suburban,183
2023-07-04,14.294890027076974,141.7533575847827,182.79901375055377,52.78837473477945,South,Suburban,184
2023-07-05,15.99777865813888,134.52271163180382,183.45705680209443,54.73074973326903,East,Urban,185
2023-07-06,15.344342475489162,116.09338959013937,184.77284982152753,54.297873072334134,South,Suburban,186
2023-07-07,14.080477382351622,112.02716525147576,185.2460680678402,57.096935506907144,South,Rural,187
2023-07-08,12.361045065691197,111.4596503913212,184.45320083873918,57.84271642722512,East,Rural,188
2023-07-09,10.853715479411328,127.64955177191477,184.94138082453577,52.39731419995192,North,Suburban,189
2023-07-10,12.81948832134015,139.67614591764945,187.18864432425534,50.33642815824885,North,Rural,190
2023-07-11,15.2548056194482,143.29679085953774,185.2356137254332,48.207108008077086,West,Suburban,191
2023-07-12,13.800117358875243,132.88851021687955,185.60155307372696,54.4629002422,North,Rural,192
2023-07-13,10.710856585320403,119.80557494052958,184.30131144384862,48.72358339685738,West,Urban,193
2023-07-14,13.3796329537666,105.04487100061395,186.7914047016983,44.580886675231376,North,Urban,194
2023-07-15,13.635425605059714,112.59795892083541,183.84503089213075,51.16573581359292,North,Suburban,195
2023-07-16,10.929228425291615,137.30008091630398,182.8271871975876,56.439440098209595,South,Suburban,196
2023-07-17,12.837228407081703,147.05269272695844,183.68161094771662,47.948104050001334,West,Suburban,197
2023-07-18,12.479762509611927,145.06624278059942,186.91265900618532,49.57654606189257,North,Rural,198
2023-07-19,9.911752652346593,142.01890922833573,186.88115848403933,46.52976394825573,West,Suburban,199
2023-07-20,12.748446527961665,116.75447582506868,185.87075943065292,45.37320402150437,South,Urban,200
2023-07-21,12.990498643378201,97.92070919036443,189.7330735695341,48.00194686748754,South,Rural,201
2023-07-22,13.87201766410525,107.07019154330523,186.93704576870164,44.156566890592686,West,Suburban,202
2023-07-23,13.651480977362473,118.53065577948611,182.63943385546145,45.82956746537434,South,Rural,203
2023-07-24,8.627523956788142,141.90104025113197,183.61946275556812,46.20981083711227,East,Rural,204
2023-07-25,9.347270268130108,147.74999079892496,182.7153543068629,43.66560162014866,East,Suburban,205
2023-07-26,12.094167767852655,145.35656464043126,180.77288867260148,49.26040292122258,South,Rural,206
2023-07-27,11.934012313668207,121.3910280205361,182.28960156720018,46.53619446845139,East,Urban,207
2023-07-28,11.780091972916555,107.9773676837477,182.8772029947426,45.69908130614248,North,Urban,208
2023-07-29,18.30027513780449,117.21918946534824,181.84904573326912,50.56997107662244,West,Rural,209
2023-07-30,11.582714086301744,117.79047730111455,179.38843693592736,47.304596054626884,North,Suburban,210
2023-07-31,12.559536203622558,145.79821892341994,181.23335159248762,51.124101926196175,West,Rural,211
2023-08-01,12.045276455899504,152.47376333395044,182.63375394840494,52.006326225446394,South,Urban,212
2023-08-02,11.29036436815384,130.54298531169397,182.5354022208462,56.196612958957104,North,Rural,213
2023-08-03,9.208837600560782,126.43669982928827,186.32867621294153,55.13981882602681,South,Rural,214
2023-08-04,11.210637959367203,111.72689082680265,184.28850668028923,54.25504614268675,South,Urban,215
2023-08-05,8.00194518551835,111.95726045146498,181.33745633843975,57.20858147907663,West,Rural,216
2023-08-06,8.93047016241822,132.97160163822346,180.05364019867727,59.143232123893306,West,Rural,217
2023-08-07,8.291550225298549,156.93514888343725,180.06246816596627,56.646040395896954,West,Suburban,218
2023-08-08,9.285895755847912,150.49030710134653,180.64914706461167,54.78634044100591,North,Suburban,219
2023-08-09,13.61307650109779,140.1385579336332,180.26667494889898,50.394618321871704,East,Urban,220
2023-08-10,5.112623615183225,119.38266357709024,181.07078574192758,50.52038313816087,West,Urban,221
2023-08-11,10.084892234790683,106.74672540354504,178.66770689354672,52.02325214839837,West,Urban,222
2023-08-12,5.354021125255061,119.14691756522878,181.65523610169322,50.20514660890116,North,Suburban,223
2023-08-13,7.504572696330282,126.48881163968626,181.59093374490809,50.478644545132454,West,Urban,224
2023-08-14,10.4972625517994,146.90105424205078,183.92552540808435,50.16994977469135,North,Urban,225
2023-08-15,8.320825943420765,148.15422705376704,184.71097610083973,50.549519808981415,South,Urban,226
2023-08-16,5.911698175271617,142.25389259240234,185.72448253914732,47.75482045044374,West,Suburban,227
2023-08-17,6.5135564804082895,124.30931706276503,186.96401709961174,48.52057867001625,West,Rural,228
2023-08-18,9.182426361109737,117.14518543369705,187.95943421964637,46.477699117043414,South,Urban,229
2023-08-19,6.243691195700851,113.40669494977234,189.34487973938144,39.74347328201619,South,Rural,230
2023-08-20,8.020697070677992,130.38139455430235,192.1031847996463,42.42671123706797,South,Urban,231
2023-08-21,7.564475404487545,142.61094293858082,192.59622713904923,44.59512785599378,West,Rural,232
2023-08-22,6.057913176882937,149.2825864487505,194.11423465422627,41.398306294635304,East,Suburban,233
2023-08-23,11.539047764980246,142.70703439043245,194.0347632656518,47.04450360851285,East,Suburban,234
2023-08-24,8.411339493848878,127.38748808109541,197.01499769655075,50.26212547810889,East,Urban,235
2023-08-25,2.9878861888586323,108.30819755305785,195.7622130924322,49.94056142770498,West,Rural,236
2023-08-26,7.308109166329409,121.26634500611257,199.46409395825384,46.42074512574699,South,Suburban,237
2023-08-27,5.511046556004067,139.47049698633197,199.48377805696515,52.43849519517084,West,Urban,238
2023-08-28,8.441324682353354,150.53347449514908,196.72222785272905,49.40644391751752,South,Urban,239
2023-08-29,5.0557037289482345,161.84957027345993,197.07843668255063,48.98874208664584,West,Suburban,240
2023-08-30,6.318036543535568,137.91312439122868,195.81633336760086,49.19935046346597,West,Suburban,241
2023-08-31,7.4667528604626465,118.3408099428499,197.59762046557833,51.126274155914615,South,Urban,242
2023-09-01,8.100089107841129,104.98696139096302,196.39237250697354,51.77439580583869,East,Rural,243
2023-09-02,3.8823439987952306,125.36007542456872,195.600005640544,54.22697279451342,South,Rural,244
2023-09-03,5.530875488582747,136.92567443561614,191.9209241786529,54.81184896207178,North,Rural,245
2023-09-04,5.169536151383158,149.14991508601682,191.11631154015475,54.76442064193601,North,Urban,246
2023-09-05,4.734948627503488,154.82697280380702,186.36855288689685,56.28342398608042,South,Suburban,247
2023-09-06,9.497350457315353,137.1161636117935,183.30074723992539,58.54454830120039,West,Urban,248
2023-09-07,6.703917120979749,137.75438181902996,184.921576552214,57.60394498779975,North,Suburban,249
2023-09-08,3.3023958307359753,115.4882070068991,186.59317686951567,49.8754331135725,North,Rural,250
2023-09-09,7.592816672178618,119.38836630168583,187.5440919930856,46.05396072268109,West,Rural,251
2023-09-10,9.937073083645473,138.2442177348779,185.71013970682716,55.74188599518019,West,Suburban,252
2023-09-11,7.69611705814798,152.7944230607916,185.7147169945432,47.93304712013274,East,Suburban,253
2023-09-12,2.5336486341877675,155.50808825514198,185.80751191636207,50.365262248410744,West,Urban,254
2023-09-13,4.54791605414578,139.75277503259716,183.590782537977,46.489660921821915,South,Rural,255
2023-09-14,7.99701233206879,128.84450216816413,186.6975791415113,43.55450023317116,South,Urban,256
2023-09-15,3.997482898889475,125.21376204093657,188.55230372266266,49.590704969235375,East,Urban,257
2023-09-16,6.25293337065097,126.53003102097445,188.2103753750033,49.338539219445586,North,Urban,258
2023-09-17,6.869890276618032,143.54285621011948,188.36414705299237,44.554744670432875,North,Rural,259
2023-09-18,3.4249570905532227,148.79483698149028,188.88091266888748,37.89674610464309,West,Urban,260
2023-09-19,5.1208437815527175,150.402182493992,184.8974429320389,43.60598407376679,South,Urban,261
2023-09-20,-1.2786715965930453,144.0377511708638,184.5030881669977,46.20280253936627,North,Urban,262
2023-09-21,3.121959197531598,127.727323405466,183.2391196710021,40.59065581683625,East,Urban,263
2023-09-22,4.635382197575376,122.23613561245456,181.33587965121228,45.794797177861696,East,Urban,264
2023-09-23,2.6176577337468974,112.30214610316402,180.87367906544034,45.623943433558814,South,Urban,265
2023-09-24,8.353681967928726,144.1862131357647,184.5690521191394,48.022150371416295,East,Rural,266
2023-09-25,2.2071487514045915,151.5224143322898,185.9507378416734,47.41981484378007,East,Urban,267
2023-09-26,4.168857915599058,154.17733970708622,184.90837986210784,45.04710996197631,South,Suburban,268
2023-09-27,5.294892137030482,140.56770235660008,186.15354542482015,52.55015605090466,West,Urban,269
2023-09-28,7.90337496947831,120.13595394623249,189.05225629799213,49.524411280919075,West,Urban,270
2023-09-29,2.139478541790786,121.84256940144797,191.0015236638177,50.95764483555896,East,Rural,271
2023-09-30,7.330864697436347,122.09259754921904,191.22078440365803,49.23387933815941,West,Rural,272
2023-10-01,5.021299535491796,131.05019550129495,190.02691084824687,51.60907950788784,West,Suburban,273
2023-10-02,3.037075300542196,146.7985984264052,191.52335747547409,51.06131598530627,East,Suburban,274
2023-10-03,5.926521928727634,155.59436002191114,192.4103282463176,53.81128883915191,West,Rural,275
2023-10-04,5.405619278750105,154.93487032088623,194.30071468637306,59.8904080219028,East,Rural,276
2023-10-05,3.815212034126769,128.07381901028168,195.67105828973698,50.85690604804729,North,Urban,277
2023-10-06,5.166354438898482,111.1725401775863,197.87016372037564,50.131925283211146,South,Rural,278
2023-10-07,4.270182844804689,121.45883085438547,196.8996932972545,59.1687935639566,South,Suburban,279
2023-10-08,5.284855621562976,137.0979206127999,199.63448142852315,53.702155987466604,West,Urban,280
2023-10-09,6.402039254862769,140.75109753355363,200.12968063790794,51.70850591140724,West,Suburban,281
2023-10-10,8.272708681417173,157.96334764731125,204.3802023831585,56.05864032365061,West,Urban,282
2023-10-11,2.6508745784064383,146.3966285049342,203.10182674697936,50.21683659616841,South,Rural,283
2023-10-12,9.42132858179161,133.81434605270513,206.67375435330985,56.517587594729605,North,Suburban,284
2023-10-13,1.2827596982389022,128.89457387944185,207.16957592023516,52.0337776140178,North,Urban,285
2023-10-14,4.917946394872265,129.28190978409253,205.96673991300628,47.496707321474084,South,Urban,286
2023-10-15,6.435629861244947,138.07863347030215,205.0989682448976,54.43824142441753,North,Rural,287
2023-10-16,5.861344516954995,149.66443966609168,204.55827362850897,45.24392896952763,South,Rural,288
2023-10-17,4.0972015838102624,172.06315945768793,205.50660552131282,48.51056198864095,North,Rural,289
2023-10-18,4.9724576605624415,148.8089317875889,206.6522764973838,46.5677507222973,East,Suburban,290
2023-10-19,4.451649864763275,131.36449914974108,205.60487648950667,49.14994128672063,East,Urban,291
2023-10-20,4.3107053231600405,120.4907064307038,205.6561673049847,49.711924113339194,South,Rural,292
2023-10-21,7.243240319770622,125.60104690173122,210.04070802220843,45.12340297035593,North,Suburban,293
2023-10-22,6.315470392511141,139.66281332499577,213.59579436240986,42.98446380748568,West,Suburban,294
2023-10-23,4.27580852124944,153.29029763693774,214.56844170175793,47.049789409895155,North,Suburban,295
2023-10-24,7.523782915074536,157.42360419677524,214.7444486580943,44.251129763356715,East,Rural,296
2023-10-25,6.404886164586872,149.31061172797428,215.08451131153083,53.101235481117506,East,Rural,297
2023-10-26,7.484444355824584,129.53926729604638,216.41154725699167,48.37592277786919,North,Urban,298
2023-10-27,7.189119555820863,118.00864141440631,214.46596212659486,47.86447689197486,North,Urban,299
2023-10-28,4.345701281633422,126.10431269788961,214.05120905174817,50.55404091759471,West,Rural,300
2023-10-29,4.959824455010574,140.07126775904922,210.81404090399298,46.9981795854997,West,Suburban,301
2023-10-30,7.653912110812886,164.6401110757906,211.71248714920355,49.11884109984702,North,Suburban,302
2023-10-31,7.461823479424497,147.86458832255067,213.10687902860903,56.54016798529562,North,Suburban,303
2023-11-01,6.283633264775733,155.89345080020541,212.24050610401028,51.74504129047277,North,Urban,304
2023-11-02,6.647015183859533,139.4483555757412,215.48847963059035,51.18939407087638,North,Suburban,305
2023-11-03,9.057158876301571,112.16745762728993,213.13694830458567,56.365240839057634,South,Urban,306
2023-11-04,5.410673165983558,124.82026205056728,210.30819854416603,58.52972194083036,North,Urban,307
2023-11-05,7.782488498681998,140.4504879777137,210.857102181286,57.12946940883657,West,Suburban,308
2023-11-06,6.380849162108066,151.0441261208262,213.0512987865103,57.74342563889322,East,Suburban,309
2023-11-07,6.449247003471949,158.19189238809966,216.51915416942603,52.05974175321382,South,Rural,310
2023-11-08,9.18394282222761,145.84457577480282,215.70138564368816,49.450292127161454,North,Rural,311
2023-11-09,8.741376130408286,142.94082029191,217.95874731055073,57.44292721732884,East,Suburban,312
2023-11-10,8.824060761293516,128.17433921660654,217.98173037154933,51.0656436988526,South,Urban,313
2023-11-11,9.916809345469277,133.85301395747803,217.7364757716677,50.28705940472366,East,Urban,314
2023-11-12,7.458949598479893,146.87759108944687,219.60379564664106,53.98458242554717,North,Urban,315
2023-11-13,8.894185065624377,153.39796419986808,221.00844140346788,50.629131574113174,North,Urban,316
2023-11-14,7.025296257173229,160.41991295619374,217.95565708949937,49.33398010086581,West,Urban,317
2023-11-15,8.411892322017762,154.8058662698094,221.00873778895118,53.556080773240865,North,Rural,318
2023-11-16,7.62314766844688,129.030367491871,223.86892049724608,44.35372118147263,North,Suburban,319
2023-11-17,8.199408659468965,128.0224778632695,222.71779509422703,48.45339336532153,South,Rural,320
2023-11-18,9.319786378637152,127.25514995325547,223.60940216110183,45.41575679321549,West,Urban,321
2023-11-19,6.6191224452035975,142.35666519302072,224.6974625336673,45.83316735974841,South,Urban,322
2023-11-20,12.56842836894813,163.55956135850985,225.31881006531512,49.61279580239622,East,Urban,323
2023-11-21,6.501669626650779,166.22536930656136,224.31819975762428,46.7682246873931,North,Urban,324
2023-11-22,6.2172997655227595,151.51570109611322,223.07495302174817,47.2847612182267,East,Suburban,325
2023-11-23,11.095754262591456,141.89919401469086,223.1238448797653,49.501797884542434,South,Urban,326
2023-11-24,10.498556686774608,120.01370753594635,225.56930291828402,45.96621554990898,North,Suburban,327
2023-11-25,10.30097276449667,132.49799344030563,226.75650322747288,45.448687782603926,North,Urban,328
2023-11-26,10.448688283990547,148.1578139821498,226.11527456330066,45.82601396384811,South,Suburban,329
2023-11-27,9.308488891394987,159.41856778246068,227.75867198459736,44.10093023187194,South,Rural,330
2023-11-28,7.681138125352133,166.59625632188005,222.1615867433372,57.20817984390972,South,Urban,331
2023-11-29,9.771557401004461,148.02650250481997,224.55911814408142,48.72405811821398,South,Suburban,332
2023-11-30,8.411520503320276,141.68421855544193,221.17969058652523,52.27516539070503,South,Rural,333
2023-12-01,11.86353002831446,125.45605195326945,220.55480870371895,52.885284227720234,North,Urban,334
2023-12-02,9.768129735395949,127.76623876452732,218.41546891446666,55.25234711234948,South,Urban,335
2023-12-03,8.561667205257095,151.3988922830304,215.92610596302487,57.20249421909365,North,Urban,336
2023-12-04,9.721725607665501,158.406119987855,218.3477595377819,57.5540299419206,North,Suburban,337
2023-12-05,11.343569491147143,158.88482319039022,217.51235713515814,53.22337716113456,South,Suburban,338
2023-12-06,9.544794968887734,147.46046298066685,218.30536489861956,54.25391744011655,South,Rural,339
2023-12-07,9.183623182743966,141.05567167767344,218.3115237408612,55.17786687038709,West,Suburban,340
2023-12-08,11.472494530924088,120.93995433454154,219.36560539530743,52.969650748836365,North,Suburban,341
2023-12-09,11.63329907978137,140.11536323858323,219.61924917742795,57.76096298952238,South,Urban,342
2023-12-10,10.288868220351008,136.70573757596648,217.1532647290508,53.50660807029373,South,Urban,343
2023-12-11,10.521162166999634,171.37165874355793,219.24579836794507,53.244191812238284,South,Urban,344
2023-12-12,12.088870878774136,167.94375546975942,218.35828520162244,51.988643806002194,West,Urban,345
2023-12-13,8.8911347000817,155.72158175047218,215.34512140430294,52.4808631183672,West,Urban,346
2023-12-14,9.135860204683997,136.26256494843935,214.5888910823711,48.509381460732136,East,Urban,347
2023-12-15,10.678287228689031,130.29932013032186,217.69041066363974,43.1705778946701,North,Urban,348
2023-12-16,11.853524121235253,132.11475727807536,219.49085414786674,47.48333972787096,East,Rural,349
2023-12-17,13.068282180034128,153.5934324870046,218.89354987905102,43.71580229970236,South,Rural,350
2023-12-18,15.563984773839605,164.4220536069561,218.29503447041415,43.65886737327496,West,Rural,351
2023-12-19,14.496104116362371,168.60171540259452,217.75176436797938,46.78648257942392,West,Rural,352
2023-12-20,12.629077941386953,155.3486247102927,222.00526033510107,48.74223973745954,East,Urban,353
2023-12-21,13.079700485762183,139.6639707254166,222.86913123956418,45.308532148732425,West,Rural,354
2023-12-22,11.282009828909604,130.8041868645601,223.82921453394633,46.59637201887468,South,Urban,355
2023-12-23,13.419885521372409,124.71362728845538,225.98978144201,51.39092070651876,West,Rural,356
2023-12-24,13.049895001027073,142.2975344279326,226.56735976006303,47.783333277003315,East,Suburban,357
2023-12-25,14.443356671682652,168.52877429529838,226.14927546842165,55.77136612716215,South,Rural,358
2023-12-26,12.314521138421,169.66607224746315,225.85657577025168,50.65697048280581,East,Rural,359
2023-12-27,15.179045041107877,157.20830755113744,225.81337325142357,44.717711722532535,West,Urban,360
2023-12-28,17.37745355798195,141.00240697088876,225.83892877840387,53.299583317402316,East,Rural,361
2023-12-29,14.266283030853742,131.96462500844675,227.39418786567782,53.177158370027335,East,Suburban,362
2023-12-30,15.459207327970425,131.5272093117299,227.59807963729241,56.80818452371061,North,Urban,363
2023-12-31,16.208154421863874,146.1084763729876,229.16335979172356,55.73526818119685,West,Urban,364
